attract,v,"thu hút","The advertisement attracts many customers.","Quảng cáo thu hút nhiều khách hàng."
attractive,adj,"hấp dẫn","The product has an attractive design.","Sản phẩm có thiết kế hấp dẫn."
attraction,n,"sự thu hút; điểm thu hút","Price is a major attraction.","Giá cả là yếu tố thu hút chính."
compare,v,"so sánh","Customers compare prices before buying.","Khách hàng so sánh giá trước khi mua."
comparison,n,"sự so sánh","A comparison was made between the two products.","Một sự so sánh đã được thực hiện giữa hai sản phẩm."
comparable,adj,"có thể so sánh được","The two services are comparable.","Hai dịch vụ này có thể so sánh được."
compete,v,"cạnh tranh","Small businesses compete with large firms.","Các doanh nghiệp nhỏ cạnh tranh với các công ty lớn."
competition,n,"sự cạnh tranh; cuộc thi","There is strong competition in the market.","Có sự cạnh tranh gay gắt trên thị trường."
competitive,adj,"cạnh tranh","We offer competitive prices.","Chúng tôi đưa ra mức giá cạnh tranh."
consume,v,"tiêu thụ","This machine consumes less energy.","Máy này tiêu thụ ít năng lượng hơn."
consumption,n,"sự tiêu thụ","Energy consumption has increased.","Mức tiêu thụ năng lượng đã tăng."
consumer,n,"người tiêu dùng","Consumers are concerned about prices.","Người tiêu dùng quan tâm đến giá cả."
convince,v,"thuyết phục","The salesman convinced her to buy the car.","Người bán hàng đã thuyết phục cô ấy mua xe."
convinced,adj,"bị thuyết phục, tin chắc","He is convinced that the plan will work.","Anh ấy tin chắc rằng kế hoạch sẽ thành công."
convincing,adj,"thuyết phục","She gave a convincing explanation.","Cô ấy đưa ra một lời giải thích thuyết phục."
currently,adv,"hiện tại","The office is currently closed.","Văn phòng hiện đang đóng cửa."
current,adj,"hiện tại","The current policy will be reviewed.","Chính sách hiện tại sẽ được xem xét."
currently,adv,"hiện nay","He is currently working abroad.","Anh ấy hiện đang làm việc ở nước ngoài."
fad,n,"trào lưu nhất thời","This fashion fad won't last long.","Trào lưu thời trang này sẽ không kéo dài lâu."
inspire,v,"truyền cảm hứng","The speaker inspired the audience.","Diễn giả đã truyền cảm hứng cho khán giả."
inspiration,n,"nguồn cảm hứng","She is an inspiration to young people.","Cô ấy là nguồn cảm hứng cho giới trẻ."
inspirational,adj,"truyền cảm hứng","The book is inspirational.","Cuốn sách mang tính truyền cảm hứng."
market,n,"thị trường","The company entered a new market.","Công ty đã tham gia vào một thị trường mới."
market,v,"tiếp thị, quảng bá","They market their products online.","Họ tiếp thị sản phẩm của mình trực tuyến."
marketing,n,"hoạt động tiếp thị","Marketing plays an important role.","Hoạt động tiếp thị đóng vai trò quan trọng."
persuade,v,"thuyết phục","She persuaded him to accept the offer.","Cô ấy đã thuyết phục anh ấy chấp nhận lời đề nghị."
persuasion,n,"sự thuyết phục","Advertising is a form of persuasion.","Quảng cáo là một hình thức thuyết phục."
persuasive,adj,"có tính thuyết phục","He is a persuasive speaker.","Anh ấy là một diễn giả có sức thuyết phục."
produce,v,"sản xuất","The factory produces electronic devices.","Nhà máy sản xuất các thiết bị điện tử."
productive,adj,"năng suất, hiệu quả","The meeting was very productive.","Cuộc họp rất hiệu quả."
productivity,n,"năng suất","Productivity has improved this year.","Năng suất đã được cải thiện trong năm nay."
satisfy,v,"làm hài lòng","The service satisfied our customers.","Dịch vụ đã làm hài lòng khách hàng."
satisfaction,n,"sự hài lòng","Customer satisfaction is our priority.","Sự hài lòng của khách hàng là ưu tiên hàng đầu."
satisfied,adj,"hài lòng","She is satisfied with the results.","Cô ấy hài lòng với kết quả."